"需求ID","验收ID","标题","规范文件","任务","结论","负责人","代码与环境版本","实际结果","证据路径"
"PLT-001","AT-PLT-001","登录与会话复用","specs/01-platform.md","T-G01;T-G03","通过","本轮开发验证","2026-09-22工作树；source-final.json；隔离PG/Python3.13，Word工具3.12","本轮隔离：现有登录/会话/停用重置/首次改密回归及P1真实CSRF测试通过。","backend-postgres-tests.txt"
"PLT-002","AT-PLT-002","对象与动作授权","specs/01-platform.md","T-G01;T-G03","通过","本轮开发验证","2026-09-22工作树；source-final.json；隔离PG/Python3.13，Word工具3.12","本轮P1对象/动作矩阵、越权下载/审批与撤权测试通过；不扩大到未实现HR/工程，D-03正式角色策略另阻塞发布。","p1-postgres-targeted-tests.txt"
"PLT-003","AT-PLT-003","可信跨系统身份","specs/01-platform.md","T-G02;T-G03","未执行","本轮开发验证","2026-09-22工作树；source-final.json；隔离PG/Python3.13，Word工具3.12","旧端真实跨系统接入不属本轮增量；历史桥接证据未作为当前AT通过，浏览器SSO未执行。",""
"PLT-004","AT-PLT-004","上传与资料隔离","specs/01-platform.md","T-G02;T-G03","阻塞","本轮开发验证","2026-09-22工作树；source-final.json；隔离PG/Python3.13，Word工具3.12","隔离CSV/TXT路径、伪装、超限、哈希和越权测试通过；正式获批格式/大小范围仍需D-02/06确认。","p1-postgres-targeted-tests.txt"
"PLT-005","AT-PLT-005","任务与人工批准契约","specs/01-platform.md","T-G02;T-G03","通过","本轮开发验证","2026-09-22工作树；source-final.json；隔离PG/Python3.13，Word工具3.12","本轮隔离真实PostgreSQL同键并发仅创建一次；旧版本、重复、被退回批准不能触发第二次执行。","p1-postgres-targeted-tests.txt"
"PLT-006","AT-PLT-006","运维与审计","specs/01-platform.md","T-G04","通过","本轮开发验证","2026-09-22工作树；source-final.json；隔离PG/Python3.13，Word工具3.12","本轮现有运维/只读审计/秘密脱敏全回归通过；新增关键动作包含对象版本及请求号，非生产运行结论。","backend-postgres-tests.txt"
"PLT-007","AT-PLT-007","数据保留与恢复","specs/01-platform.md","T-G04","阻塞","本轮开发验证","2026-09-22工作树；source-final.json；隔离PG/Python3.13，Word工具3.12","真实隔离PG恢复至新库/新目录：30表摘要与3工件哈希一致；正式D-07保留期与RPO/RTO未批准。","p1-backup-summary.json"
"PLT-008","AT-PLT-008","性能与故障语义","specs/01-platform.md","T-G02;T-G04","阻塞","本轮开发验证","2026-09-22工作树；source-final.json；隔离PG/Python3.13，Word工具3.12","后台执行和限额已实现并测试；D-06未确认，未测获批SLO/API P95，不宣称性能达标。","backend-postgres-tests.txt"
"PRD-001","AT-PRD-001","清单与背景接收","specs/02-product.md","T-P02","阻塞","本轮开发验证","2026-09-22工作树；source-final.json；隔离PG/Python3.13，Word工具3.12","手工输入和UTF8 CSV/TXT持久保存、原行号/重复项/来源哈希已测；正式资料及完整字段/文件类型样本未签认。","p1-postgres-targeted-tests.txt"
"PRD-002","AT-PRD-002","蓝图与判断条件","specs/02-product.md","T-P03","阻塞","本轮开发验证","2026-09-22工作树；source-final.json；隔离PG/Python3.13，Word工具3.12","蓝图结构、用户条件保留、版本保存测试通过；真实模型和业务确认D-01/03缺失。","p1-postgres-targeted-tests.txt"
"PRD-003","AT-PRD-003","蓝图批准与变更","specs/02-product.md","T-P03","阻塞","本轮开发验证","2026-09-22工作树；source-final.json；隔离PG/Python3.13，Word工具3.12","精确版本/哈希批准、退回、撤权及新输入失效已测；正式审核策略D-03未签认。","p1-postgres-targeted-tests.txt"
"PRD-004","AT-PRD-004","分章写作与授权检索","specs/02-product.md","T-P02;T-P04","阻塞","本轮开发验证","2026-09-22工作树；source-final.json；隔离PG/Python3.13，Word工具3.12","分章和独立审查调用路径仅以明确替身验证；真实模型/RAGFlow无授权，未模拟冒充真实检索。","p1-postgres-targeted-tests.txt"
"PRD-005","AT-PRD-005","局部修改与关联检查","specs/02-product.md","T-P04","阻塞","本轮开发验证","2026-09-22工作树；source-final.json；隔离PG/Python3.13，Word工具3.12","旧章节版本保留、依赖一致复用、人工修改重审已测；真实设备关联语义及业务样例未验，采用保守失效。","p1-postgres-targeted-tests.txt"
"PRD-006","AT-PRD-006","持久执行与限额","specs/02-product.md","T-P04","阻塞","本轮开发验证","2026-09-22工作树；source-final.json；隔离PG/Python3.13，Word工具3.12","真实PG与进程终止恢复已验：2章保留、只补第3章、1份草稿；模型为明确替身。D-01真实模型与D-06正式预算/SLO未批准。","p1-system.json"
"PRD-007","AT-PRD-007","内容检查与成稿批准","specs/02-product.md","T-P05","阻塞","本轮开发验证","2026-09-22工作树；source-final.json；隔离PG/Python3.13，Word工具3.12","草稿下载、自动检查不代替人审、正式发布阻断已测；真实内容质量与授权业务审核未验。","p1-postgres-targeted-tests.txt"
"PRD-008","AT-PRD-008","格式冻结与回归","specs/02-product.md","T-P01;T-P05","阻塞","本轮开发验证","2026-09-22工作树；source-final.json；隔离PG/Python3.13，Word工具3.12","冻结10文件哈希，合成固定内容Word16实际渲染5页并逐页查看；获批母版/专业样例/长文覆盖及负责人D-02签认缺失。","word-visual-review.md"
"PRD-009","AT-PRD-009","同源可研扩展","specs/02-product.md","T-P06","未执行","","","本轮仅登记现状；未授权实施，不引用历史结果为当前通过。",""
"PRD-010","AT-PRD-010","PPT扩展与同源交接","specs/02-product.md","T-P06","未执行","","","本轮仅登记现状；未授权实施，不引用历史结果为当前通过。",""
"HR-001","AT-HR-001","统一身份与权限边界","specs/03-hr.md","T-H01;T-H04","未执行","","","本轮仅登记现状；未授权实施，不引用历史结果为当前通过。",""
"HR-002","AT-HR-002","JD 生成闭环","specs/03-hr.md","T-H02","未执行","","","本轮仅登记现状；未授权实施，不引用历史结果为当前通过。",""
"HR-003","AT-HR-003","评分基线门禁","specs/03-hr.md","T-H01","未执行","","","本轮仅登记现状；未授权实施，不引用历史结果为当前通过。",""
"HR-004","AT-HR-004","简历接收与外部数据许可","specs/03-hr.md","T-H01;T-H03","未执行","","","本轮仅登记现状；未授权实施，不引用历史结果为当前通过。",""
"HR-005","AT-HR-005","证据、未知与程序评分","specs/03-hr.md","T-H03","未执行","","","本轮仅登记现状；未授权实施，不引用历史结果为当前通过。",""
"HR-006","AT-HR-006","批量任务可靠执行","specs/03-hr.md","T-H03","未执行","","","本轮仅登记现状；未授权实施，不引用历史结果为当前通过。",""
"HR-007","AT-HR-007","HR 最终决定与人才库限制","specs/03-hr.md","T-H03","未执行","","","本轮仅登记现状；未授权实施，不引用历史结果为当前通过。",""
"HR-008","AT-HR-008","转正确定性状态机","specs/03-hr.md","T-H04","未执行","","","本轮仅登记现状；未授权实施，不引用历史结果为当前通过。",""
"ENG-001","AT-ENG-001","专业范围与依据准入","specs/04-engineering.md","T-E01","未执行","","","本轮仅登记现状；未授权实施，不引用历史结果为当前通过。",""
"ENG-002","AT-ENG-002","清单保真与缺项","specs/04-engineering.md","T-E01","未执行","","","本轮仅登记现状；未授权实施，不引用历史结果为当前通过。",""
"ENG-003","AT-ENG-003","候选推荐与人工审定","specs/04-engineering.md","T-E02","未执行","","","本轮仅登记现状；未授权实施，不引用历史结果为当前通过。",""
"ENG-004","AT-ENG-004","计算与专业工具交接","specs/04-engineering.md","T-E02","未执行","","","本轮仅登记现状；未授权实施，不引用历史结果为当前通过。",""
"ENG-005","AT-ENG-005","版本与审批保护","specs/04-engineering.md","T-E03","未执行","","","本轮仅登记现状；未授权实施，不引用历史结果为当前通过。",""
"BIZ-001","AT-BIZ-001","角色与来源边界","specs/05-business.md","T-B01","未执行","","","本轮仅登记现状；未授权实施，不引用历史结果为当前通过。",""
"BIZ-002","AT-BIZ-002","总览与专项页面","specs/05-business.md","T-B02","未执行","","","本轮仅登记现状；未授权实施，不引用历史结果为当前通过。",""
"BIZ-003","AT-BIZ-003","计算口径与分页","specs/05-business.md","T-B02","未执行","","","本轮仅登记现状；未授权实施，不引用历史结果为当前通过。",""
"BIZ-004","AT-BIZ-004","刷新与异常反馈","specs/05-business.md","T-B03","未执行","","","本轮仅登记现状；未授权实施，不引用历史结果为当前通过。",""
"BIZ-005","AT-BIZ-005","明细附件与导出","specs/05-business.md","T-B03","未执行","","","本轮仅登记现状；未授权实施，不引用历史结果为当前通过。",""
"BIZ-006","AT-BIZ-006","分级接入与回退","specs/05-business.md","T-B01;T-B03","未执行","","","本轮仅登记现状；未授权实施，不引用历史结果为当前通过。",""
