层级ID,验收标题,结论,实际证据,边界说明
FIX-A,首页及对象深链,通过,"targeted-test.log; frontend-test.log; browser-acceptance.md","覆盖 task/case/artifact、查询参数变化、前进后退、无效和跨任务不回退"
FIX-B,assigned_manager 最小权限闭环,通过,"targeted-test.log; backend-test.log; browser-acceptance.md","仅分配案例及 manager_approve；未授予 JD、新建修改、他人案例或归档权限"
FIX-C,JD 未保存保护与多任务,通过,"targeted-test.log; frontend-test.log; backend-test.log","确认、保存需求、切换、导航均受脏数据保护；服务端版本与 revision 归属校验保留"
FIX-D,转正 revision 审计原子性与人工降级,通过,"targeted-test.log; backend-test.log","技术自动化通过；不代表 HR 业务签认"
FIX-E,PostgreSQL 双连接并发审批,通过,"targeted-test.log; backend-test.log","两个独立 pg_backend_pid；结果 200/409；只递增一次并仅一条 transition"
FIX-F,工程部隔离与死代码清理,通过,"targeted-test.log; frontend-test.log; browser-acceptance.md","三个入口均隔离；没有调用工程服务"
FIX-G,正式构建及 Django 新 bundle,通过,"frontend-build.log; browser-acceptance.md","dist 仅由 pnpm build 生成"
FIX-H,代码与迁移静态检查,通过,"frontend-typecheck.log; backend-check.log; migration-check.log; git-diff-check.log","git diff --check 仅有既有换行提示，退出码 0"
REAL-DEPS,真实模型费用资料外发及旧系统同步,未执行,"RESULTS.md","按授权边界禁止"
BUSINESS-SIGNOFF,产品 HR 工程及运维负责人签认,未执行,"RESULTS.md","自动化测试不能替代业务签认"
TARGET-DEPLOY,目标环境部署与生产验收,未执行,"RESULTS.md","本轮禁止部署"
P2,产品可研与 PPT,阻塞,"browser-acceptance.md","未获单独授权"
RESUME,简历接收分析与评分,阻塞,"browser-acceptance.md","D-01 / D-04 未批准"
