"relative_path","sha256","kind"
"backend/config/__init__.py","e3b0c44298fc1c149afbf4c8996fb92427ae41e4649b934ca495991b7852b855","runtime-source"
"backend/config/settings.py","93d10ae6778416531a71ee7446134e215a44befb52cd2f036ab0de2f82fd7ff9","runtime-source"
"backend/config/urls.py","ece38cb05da30c99df7560038d5153bda79866888a5e599c3bb200e6dc9c25d1","runtime-source"
"backend/config/wsgi.py","eb7f8735b681c167c367035512691ea8a41bf6986db9fc43c28c51f3841ecac4","runtime-source"
"backend/manage.py","b62d978e76cc1e1018e19e26e824af2c0d19e8a7baaa2d01ec23aa7fc8511fb4","runtime-source"
"backend/portal/__init__.py","e3b0c44298fc1c149afbf4c8996fb92427ae41e4649b934ca495991b7852b855","runtime-source"
"backend/portal/admin.py","49d996de2d4828469ab3f6c1f727dac933b55515b7de9cfecd8123261fff3d26","runtime-source"
"backend/portal/apps.py","a389b17ee675eb7fc426a243b3618c9a79ccf347f8944f489d2058edefc0a917","runtime-source"
"backend/portal/authentication.py","387392872eddda271aec276974b3e886d273d1a76128edaa4c87d829a2965742","runtime-source"
"backend/portal/hr_api.py","009ed9f2cbf77c9f990830217aac7d9d11929cd21ce0e8dc820f1730aa06418b","runtime-source"
"backend/portal/hr_models.py","caaf0ddda50979f10c73c015c42dd44d0eaca8eacf1c033a48ff0762c7011599","runtime-source"
"backend/portal/integration.py","10f664f9f8fbbd050538e29b7be0a386611b04aefe91a51fbb22f27fecb8c0ec","runtime-source"
"backend/portal/management/__init__.py","e3b0c44298fc1c149afbf4c8996fb92427ae41e4649b934ca495991b7852b855","runtime-source"
"backend/portal/management/commands/__init__.py","e3b0c44298fc1c149afbf4c8996fb92427ae41e4649b934ca495991b7852b855","runtime-source"
"backend/portal/management/commands/bootstrap_admin.py","9cadfc446fe8f1c0b473304a158aac8ab86fb13af8d44398c2ac9b8e97d8c460","runtime-source"
"backend/portal/management/commands/cleanup_ops.py","6867851bb63f5485da249af6c4d26d7ac2a1e0ffdce83a07da9fbbb9d333ae2f","runtime-source"
"backend/portal/management/commands/cleanup_tickets.py","fb95703647ae11f4172a5afc306948835d896b96ec2867e0430be1bbff4de953","runtime-source"
"backend/portal/management/commands/run_product_worker.py","272d8df3b3db5e7920f2656d1793e4c7fbf8acd6a77b997159cb8d04bef401d0","runtime-source"
"backend/portal/management/commands/seed_portal.py","4dd9c8b45a451c75063320078d907fe833c9d62f210a3cb438ef2d4b3cd1e497","runtime-source"
"backend/portal/middleware.py","02a122eb5fedca7674b8d26b29b4d0505ec067fa74841f200b5a4fd1c6cb6b4d","runtime-source"
"backend/portal/migrations/__init__.py","e3b0c44298fc1c149afbf4c8996fb92427ae41e4649b934ca495991b7852b855","runtime-source"
"backend/portal/migrations/0001_initial.py","539660cf6b3e4bc139c49c24f2981cd46fd784ec72f5ddfa0074ab60ef6aa857","runtime-source"
"backend/portal/migrations/0002_integrationticket_grant_version_user_grant_version.py","22b3a927a2509ebefb5a4576c919b5123117fa57660648f20e008fa84a0abe84","runtime-source"
"backend/portal/migrations/0003_modulecheck_operationalissue_audit_indexes.py","9efa07d7baf8ac403d659c1844b34fc4e83f5987b6e91c6075f444603732519d","runtime-source"
"backend/portal/migrations/0004_model_gateway.py","fb6914fc8a482906a740462f644d5dcbdf5c3bab3777f093a304e93d7e09746a","runtime-source"
"backend/portal/migrations/0005_product_p1.py","8e9aceaaaa58cdfd1d38ca58769011fbbf18d51b5227b5218c7a8933043a05f7","runtime-source"
"backend/portal/migrations/0006_documentapproval_authorization.py","af6bb73b8ecd45a81b95b15d5db6aac29a0a95bb562127ba38c2eec28363b578","runtime-source"
"backend/portal/migrations/0007_product_generation_policy.py","46506f7b2e797a014bb340956b3879845bd4d49afad4790817ea3625c97e9318","runtime-source"
"backend/portal/migrations/0008_hr_workflows.py","a0fb4c5e255e87b37d6354527a912ba17f4f5135bec213030b54aa5f650fe2b5","runtime-source"
"backend/portal/migrations/0009_probation_revision_and_assistant.py","a467c0f753df8796b85e89675cc36203196ff06dfaf2bb92382c2f2b781a847a","runtime-source"
"backend/portal/model_admin.py","66bcc550dbe4b42bcef9aedbc275a6e41ff2fa33ff8add060d371b3dcf68c7e3","runtime-source"
"backend/portal/model_config.py","dc026afec27ddfe9b2a19a838322855ecd0ba486720e251f5fd32342a6de490f","runtime-source"
"backend/portal/model_gateway.py","d913d1860ea95d8e2ed261b520a7822544475b32234d572667437c1f379c4a80","runtime-source"
"backend/portal/models.py","bb83ec61d2e7a97d32240569c5321deeeaf58311f42fa2510c5b7697323f1c55","runtime-source"
"backend/portal/operations.py","f925da1c2232ad697ef18a4d7b60ca3299ad5062dc05aa5864874c49e4fccc7f","runtime-source"
"backend/portal/ops_metrics.py","78269efe9325eb1de1be187d8b0b6cb8d6d64feb8301b8b0b4d9337f9257915e","runtime-source"
"backend/portal/product_api.py","d0f31a1dc24e080bead8f69d12fb97bfd704f15f957af41e4a46019884612948","runtime-source"
"backend/portal/product_assets/bj_docs/scripts/artifacts.py","7057f8055cc9b4045af6d1e6fe1f2716d4927c59e7a3f8b1ef1b2e4cdf2cc146","runtime-source"
"backend/portal/product_assets/bj_docs/scripts/contract.py","a559c5e74327ffed6f2bd3d59a6d6b0fbde56ee723b0646109d1bca768673e0f","runtime-source"
"backend/portal/product_assets/bj_docs/scripts/handoff.py","174d8d05f5043aedb1577944ac7da55ef0ee83ac0e33f04bee74590dd14b2695","runtime-source"
"backend/portal/product_assets/bj_docs/scripts/office_render.py","d0e079b76c79a55f3aa6a33a8402defb3ea5e381588c84738e955b20ad5cee97","runtime-source"
"backend/portal/product_assets/bj_docs/scripts/ooxml.py","9f900bd8c92e6af34916948a938fc3bdfaa431baec186350f176a0cb30b103c4","runtime-source"
"backend/portal/product_assets/bj_docs/scripts/prototypes.py","f42da4d1ffaa2a1e4c4b1a39526d0cf71dcd9eb447da969baf005f8567237ef8","runtime-source"
"backend/portal/product_assets/bj_docs/scripts/strict_json.py","33b62e0178763225a9ef51dc6b6e5619ecfc28e6ea556d6ae1ddcb5fac08244e","runtime-source"
"backend/portal/product_budget.py","d710b013786f57ffbb10ea433d42337372e4b9ece84e55b1e21d2a1248351192","runtime-source"
"backend/portal/product_documents.py","20b3fd736559f8b29c3c2b4a8c3b4f9df2f3fa820232816632b565b63c1944a1","runtime-source"
"backend/portal/product_models.py","c8c2a9121794ab7f4f25b275ce04575d77be87f1de32dd157a066d0722e70cd0","runtime-source"
"backend/portal/product_release.py","901bad5fb86a68a971216c988bd4e85f582451261bf869db77eab5de26944948","runtime-source"
"backend/portal/product_rendering.py","95969d681856793b4338c2a97680d3c89adab1d26453efbfc5705294c176f77f","runtime-source"
"backend/portal/product_retrieval.py","2883db3f07fb1a4ed87fe9c319489f35c313cd00cb01b13a9d1ec8f3cce0537f","runtime-source"
"backend/portal/product_rules.py","28a09111ba6e0a00103536208e97ea3cdc5d1418fc5f687905a17190b7edca52","runtime-source"
"backend/portal/product_service.py","edc3de80f2e37cf5a6d9f1d98b2e7e9b2c2a1f08a18d1a0640acb5b21774aa8e","runtime-source"
"backend/portal/product_storage.py","af549ccbf34ef1e0a2be33d1d25701c42e4a03ba7c7bcafa0ec6c0cebe1fae04","runtime-source"
"backend/portal/product_worker.py","9fc6bf19f4b73a82b10d1e7677be918ef0a339ec68b396a9406310f582a6924e","runtime-source"
"backend/portal/security.py","a12804b54937663f2485be446c2c29318c65ef046dc0b2f6d968d8caf5b39dd7","runtime-source"
"backend/portal/signals.py","2ab20ca3a377aed86a1e1a7cab2b823f553e61e36ef9170af740b8bf4b0737a3","runtime-source"
"backend/portal/tests/__init__.py","01ba4719c80b6fe911b091a7c05124b64eeece964e09c058ef8f9805daca546b","runtime-source"
"backend/portal/tests/base.py","95e6f03ab07f081fb7187c6479a4d1bec8320e9ed1e0c8b68bfb85c623e27efc","runtime-source"
"backend/portal/tests/test_admin.py","8890eea283470e962789f831567301bf151304713c4c3e906d25ab7b7eeb50b3","runtime-source"
"backend/portal/tests/test_auth.py","c355a02a3cd5330517f028513eed717a4e474f9b6ef993b58a0e6e1afdbd0481","runtime-source"
"backend/portal/tests/test_center_pages.py","e83b74273e09600b44708eebc957b2525a3f7fa70b875ae322be9b8f2a42d00c","runtime-source"
"backend/portal/tests/test_hr_api.py","6ae61a395e627de3b28100cde6dda5e870032969b6836d7881073821271f5cac","runtime-source"
"backend/portal/tests/test_hr_concurrency_postgres.py","2e3c304ef36529e5d08ff94caccd29af48b9554d75c4a9b2f7e2f197655bacf4","runtime-source"
"backend/portal/tests/test_integration_postgres.py","503ebf2a93d2cf1c4a17dcd7d7f3fa1a04a8f098a7be4eb5c647c05d9158b7ab","runtime-source"
"backend/portal/tests/test_integration.py","30c8bf9561bdc9c6ba45fbfef6479e2bdeee77c0205b66067f5e1da0e79de854","runtime-source"
"backend/portal/tests/test_model_admin.py","e686c9c615ab28bf930037b30cb6bc31e3168ca240012458370bba45c1cd246b","runtime-source"
"backend/portal/tests/test_model_gateway.py","e8e204d4213ba7cfc4629f64b646cbe00845e1d865b0e606ff931fd949266fc9","runtime-source"
"backend/portal/tests/test_modules.py","e7003fa1af7b63f70549e629145afc9e2aca62fdc53ed8dc13d44cc85aa98d36","runtime-source"
"backend/portal/tests/test_operations.py","3f04da26efc80269c69d72952afe64556ae3eef55b9d9f50480598e2dab95d06","runtime-source"
"backend/portal/tests/test_ops_metrics.py","ec23e4c33ff42b9c041d8a96c1afab2c96894778a0c08b671b7269f6b0279016","runtime-source"
"backend/portal/tests/test_ops_probes.py","a2200913259561b45005adea05999461c75e045c439f62b806650af3f546f928","runtime-source"
"backend/portal/tests/test_permissions.py","1030b3878a578b6517885b56d9a8b287f7066307c7ad50751cb8ec20b405bca1","runtime-source"
"backend/portal/tests/test_product_api.py","3041e7fe764e3bd1ea54bf2dfafc24989ecbaf7bcdd3a9a8a752d383d5252141","runtime-source"
"backend/portal/tests/test_product_budget.py","bda7ec0bf98dd0350ddcf6ebe3bb78efe0d1ec2d4c865280dccbaddeb1e04bf4","runtime-source"
"backend/portal/tests/test_product_concurrency.py","4beb033ab6987f76da095d27356770adac6344fd29fc14593ef0f0c93dcee16f","runtime-source"
"backend/portal/tests/test_product_documents.py","5f24761345dd7592d9089e9c2a58e028319336ddf22f0662e4f67d9fee729859","runtime-source"
"backend/portal/tests/test_product_increment.py","363e3810fd15c0bdb00b3ba1b7bb8ef74bd631b00e4f7a9da6897f3c15a9ef34","runtime-source"
"backend/portal/tests/test_product_release_flow.py","45d045c8d21f09cb48a4606f23192989e1c3000285efbbb509492271bfecbc80","runtime-source"
"backend/portal/tests/test_product_rendering.py","f7d92b5ccae2f26dee0cb32bea465362664bc8b762595ead7f89fce35868de1b","runtime-source"
"backend/portal/tests/test_product_retrieval_flow.py","a0c3fb336cf88b0bc28457de3fcadff9fa7d8a9bd55e876bc99be5d14076cd7d","runtime-source"
"backend/portal/tests/test_product_retrieval.py","bfc945e45326b1a56e7f6db119c29e926cad2812deb5a372b9a5d8ecbbed47ee","runtime-source"
"backend/portal/tests/test_product_rules.py","d714fddc5d56aad1699fda66de38f46acaaba4a4b9997526123133b3061dc246","runtime-source"
"backend/portal/tests/test_product_worker.py","11f959ef1530a587d166f7bf074d6cbc1dc38548f2640103e5238c123f30dc6e","runtime-source"
"backend/portal/tests/test_seed.py","aa408e7ab30b20a6603973692aa1244509c3a6ab3ce92cb1efc947ca96b174f5","runtime-source"
"backend/portal/tests/test_ticket_cleanup.py","0f02a13c20e827ce9300b3096b3b7fa18118cafbf49d79041c831cc35a7423dc","runtime-source"
"backend/portal/tests/test_work_summary.py","36e05c382bcd210d9c39345e9b73863d631e41cb27fbb398175f6963c54acb88","runtime-source"
"backend/portal/views.py","9188339f51e3c79867ec7f12d466df91bcd9141ac78ea94ad7ac8680202e6b46","runtime-source"
"backend/portal/work_summary.py","3aaccd67f24a178194a928d4cd4c39bb9261adbd6daa45391a515fedf3aa20c8","runtime-source"
"backend/templates/admin/app_list.html","ca218f0704feb5e61423cda478c2211a74cbc57063d1ee9dbb9f824c387f98a3","runtime-source"
"backend/templates/admin/base_site.html","8065d80b65bb9378f87c14e9324d3a8249c05264085004a2c921cb98a92672d1","runtime-source"
"backend/templates/admin/index.html","db21543c88df4258a732548d0e964a2f15ee043db658894cb530759ab79de28c","runtime-source"
"backend/templates/admin/portal/gatewaymodel/change_form.html","638cf62d5919098d1655f1b5ad92baa322db61c1ad3f4ad233e876204306667f","runtime-source"
"backend/templates/admin/portal/user/add_form.html","3143036a0ad223e3b3f85d6fa0d7770e3060b916765005c82d1daf5e9ea1ef13","runtime-source"
"backend/templates/admin/portal/user/change_password.html","997830db261f85d8969fadd4d1af515fb07bb245734f819020130d9355b65744","runtime-source"
"deliverables/企业平台SDD_V0.2_20260922/EXECUTION_STATUS.md","86809dd77b93379012876b697750172fe9308aa11d94476d6b34f26d7b145f07","source-or-config"
"frontend/dist/assets/index-0InwfByH.css","5e305100ec702686a7e1752972a27240df81055a38214a382fc9f7c08b974042","pnpm-build-output"
"frontend/dist/assets/index-CBM5SKFY.js","29f1996852044e8ffb44a3eabd213a7d9e7563765f67d66738832cfc83d19c8d","pnpm-build-output"
"frontend/dist/index.html","351e246ca22ae0249a5839e549688b7011e19c0a87147a7f8ce24e0b781323cb","pnpm-build-output"
"frontend/index.html","5a8d1ed9ffaaffbe9983ecde9e1c6b667bc3209070dbd584e9fe3518115c4c5e","source-or-config"
"frontend/package.json","5865ed931d81ebc42bf78fbf40f8df8daaa47a7e60a1cec4e393ea043d133f21","source-or-config"
"frontend/src/api.test.ts","c7a60d51aa72225ba9968ac0f46d539ffff1b19b717f280db0acee6ce4acb125","runtime-source"
"frontend/src/api.ts","62b48a2f8ce5eba74a414225d459cd1af4313e7aba2f0a5a812feef7ef1a6f1f","runtime-source"
"frontend/src/App.test.tsx","c945c08e0c195d5c542a1ecb710e011fb82a7c1c80fc49724c0f335b79e65574","runtime-source"
"frontend/src/App.tsx","356b6f069a83ef70e150ef8f4883fde2cf67a8a794decd91e94dbd8bbdd204b6","runtime-source"
"frontend/src/centers/centers.css","21f98ca4aa67542b925507e95c85f1fa49f85d8f1b69518f07e88fa047194fce","runtime-source"
"frontend/src/centers/CenterWorkspace.test.tsx","91ab22b3a5bfb50442ecea89f266cd22c483afec2f723abe8fd433a62fa00675","runtime-source"
"frontend/src/centers/CenterWorkspace.tsx","f563c1b231259bd74bb6c5dfa563dac991a165b418ba836d1933fbd818ce0581","runtime-source"
"frontend/src/centers/config.ts","0673dcff9b1c27fb9438bdedeb26cc7843f7fc506de1dbbb6f327795a39101ab","runtime-source"
"frontend/src/centers/EngineeringPendingPage.test.tsx","1700ecbae82945b46e5192b77a8d34aa721e7676bebbf880e42e63b1ae793931","runtime-source"
"frontend/src/centers/EngineeringPendingPage.tsx","26494f9a58e6143dca50e5e01c0bfb7427f2909f61d45683782d788d7931d191","runtime-source"
"frontend/src/centers/HrWorkspace.test.tsx","8a0bca7f96f527b1c234499c713ccf2ffeb2ab91fea6dfbb5546561db4588e17","runtime-source"
"frontend/src/centers/HrWorkspace.tsx","6025f6fca73d8223fedec5addc0e6f4e95f566ebb579e02e7661d9d1036ab8cf","runtime-source"
"frontend/src/centers/ManagerWorkspace.test.tsx","0df32560de1af3b0d555846f8371c2f0b151ac12458ba4de0e1f22388310a488","runtime-source"
"frontend/src/centers/ManagerWorkspace.tsx","23e78767771e67930510db3fbf0b545f587a5267b8b34cd1d2424778be673417","runtime-source"
"frontend/src/centers/ProductWorkspace.test.tsx","128ac3bdbb0170d2e344eddf21af78a4735c292526169da8dca5284a817bd7b4","runtime-source"
"frontend/src/centers/ProductWorkspace.tsx","d24738f0e1253aa230ff8753c5e5e67cf54224776d149889706d287b474dfc22","runtime-source"
"frontend/src/centers/shared.tsx","88fa37eca53bd8396969e7f9a7cd13f76d568dfde79e04f95dc534cc43d6f855","runtime-source"
"frontend/src/hr/hr-api.ts","6ffd691e70bebb0a48d0b9d43f0d61ce0c2d056f1d627f85cf35da2849fd20f3","runtime-source"
"frontend/src/hr/JobWorkspace.test.tsx","1ed363a99e897f05bd364b71e58c578e191c82ee89756e1c9b9422177de14493","runtime-source"
"frontend/src/hr/JobWorkspace.tsx","50cc4504a937e4827ca4cc642e5bacab46b52cc0d80a721e74a1292d3d076323","runtime-source"
"frontend/src/hr/ProbationWorkspace.test.tsx","ffc744afe931cdc0c150a24c4a0352719320d9ec80542acefa9bc872bd09a151","runtime-source"
"frontend/src/hr/ProbationWorkspace.tsx","f6385c99a438649a1f2c66e9b88696b975a2f068269cb6099a1c7b37703fba77","runtime-source"
"frontend/src/Icon.tsx","a672aeba0a885950d53de2bcd2ba1d296e37408415b2dccb2945a3d64c3c3e23","runtime-source"
"frontend/src/main.tsx","fd22e65758a8bdd33e99eb3a6ded27ab1ae34ea8b113b9e313ba9fb0f221e0e1","runtime-source"
"frontend/src/ops/api.ts","9d1cef914785b003b89dc824f03a0f4d6a536589302486ae0169e684fad6f778","runtime-source"
"frontend/src/ops/components.tsx","0d69ab58420b650775e4f41742b36f9e20941cbae130ccae1133bda55decc9fc","runtime-source"
"frontend/src/ops/ops.css","d94afbb1ac7e7f4b61efdccf5eb6c0ebb71fad5ef9331b70424057a25f7338e3","runtime-source"
"frontend/src/ops/OpsPages.tsx","82314cc8ca4aa3631183e3631b56fa32e2f38b7350d76626504cd71e7faf3d29","runtime-source"
"frontend/src/ops/OpsWorkspace.test.tsx","de99778cf591a21cbf251fb11c7ba254286feed3800a361f14ed9606747cb7ae","runtime-source"
"frontend/src/ops/OpsWorkspace.tsx","5bb34ac4fc43a923f46b8a8ffa1bc7105e9c232a05d610158921a419c0b2f0af","runtime-source"
"frontend/src/product/DocumentWorkspace.test.tsx","9dc252e6fbe163c324d68bbb3cd196a0d194a5a7c2bc3aca38265d38905a4676","runtime-source"
"frontend/src/product/DocumentWorkspace.tsx","56c318bb567c31c17d7fec1fa0af5fcf65fe4150f28f705b3319e26fed13851e","runtime-source"
"frontend/src/product/product-api.ts","908d2b82bf03f099fa30fa6cf4c837c50d6e327e46748c23c22127e8186e7d82","runtime-source"
"frontend/src/styles.css","a4ce1883d658aa5761f70f376834996650e80fa3c55eb35e0b83f508f14c4229","runtime-source"
"frontend/src/tech-theme.css","5ff4037a36d30521768b64e9eac5bbf84e32662046e92c9f3e0758fae490889c","runtime-source"
"frontend/src/theme-switch.css","d124a2cea7f3f218d51617ad690460b6d895db20a4bd34b1f3be96625728ce38","runtime-source"
"frontend/src/ThemeSwitch.test.tsx","6fd16d8c1881a01cd2ac8b125cfc68d4091b7727240df6e801abdf34b47b821b","runtime-source"
"frontend/src/ThemeSwitch.tsx","292e27e82d39a0f6f72ace0de3831279f964b66dbd9b1b3eda3411b1ae8fd59e","runtime-source"
"frontend/tsconfig.json","278a9b48191474e76ad8c9d9fc15c7e59aa807949a36586fb8651dfe4bcdaf33","source-or-config"
"frontend/vite.config.ts","07ce3e972a18ce8a0000dc0b9d6134ff4382818ff82c2db297f076bdd84ed2ba","source-or-config"
"pyproject.toml","90f38b22b52a6d7e68d51f95edfb1ea4b1496c0d5cd158986a10c9b8dd16e785","source-or-config"
"uv.lock","c275295c8ee32f71697662e8ad06ded334427d753b2832b9aa98c2a5eb77fe90","source-or-config"
"validation/fix_review_browser_acceptance.py","f8b90856aa58c819f066fb47f954088fd0a148d13f5a218927e42a8e53fd8ac4","source-or-config"
"validation/fix_review_browser_fixture.py","92819c8da542e2763d6449ceafdc6b407cd16d843573d9578da7cf3f1ae67caf","source-or-config"
